Hero,Attribute,Complexity,Strength,Strength Gain,Strength Max,Agility,Agility Gain,Agility Max,Intelligence,Intelligence Gain,Intelligence Max,Total,Total Gain,Total Max,Movement Speed,Armor,Minimum Damage,Maximum Damage,Attack Range,Attack Speed,Base Attack Time,Attack Point,Attack Backswing,Vision Day,Vision Night,Turn Rate,Collision Size,Hp/S,Mp/S,Id,Attack Type,Roles,Legs
Abaddon,Universal,1,22,2.2,85.8,23,1.3,60.7,19,1.6,65.4,64,5.1,211.9,325,2.83,46,56,150,95,1.5,0.56,0.41,1800,800,0.6,27,3.2,1.2,102,Melee,"['Support', 'Carry', 'Durable']",2
Alchemist,Strength,1,23,2.7,101.3,22,1.5,65.5,25,1.8,77.2,70,6,244,295,3.67,50,56,150,100,1.7,0.35,0.65,1800,800,0.6,27,2.55,1.25,73,Melee,"['Carry', 'Support', 'Durable', 'Disabler', 'Initiator', 'Nuker']",2
Ancient Apparition,Intelligence,2,20,1.9,75.1,20,2.2,83.8,23,3.1,112.9,63,7.2,271.8,285,2.33,44,54,675,100,1.7,0.45,0.3,1800,800,0.6,27,2.25,1.15,68,Ranged,"['Support', 'Disabler', 'Nuker']",0
Anti-Mage,Agility,1,19,1.6,65.4,24,2.8,105.2,12,1.8,64.2,55,6.2,234.8,310,5,53,57,150,100,1.4,0.3,0.3,1800,800,0.6,27,2.65,0.6,1,Melee,"['Carry', 'Escape', 'Nuker']",2
Arc Warden,Agility,3,22,2.6,97.4,20,3,107,24,2.6,99.4,66,8.2,303.8,285,3.33,51,57,625,100,1.7,0.3,0.7,1800,800,0.7,27,2.45,1.2,113,Ranged,"['Carry', 'Escape', 'Nuker']",2
Axe,Strength,1,25,2.8,106.2,20,1.7,69.3,18,1.6,64.4,63,6.1,239.9,315,2.33,55,59,150,100,1.7,0.4,0.5,1800,800,0.6,27,5,0.9,2,Melee,"['Initiator', 'Durable', 'Disabler', 'Carry']",2
Bane,Universal,2,23,2.5,95.5,23,2.5,95.5,23,2.5,95.5,69,7.5,286.5,305,4.83,47,53,400,100,1.7,0.3,0.7,1800,1200,0.6,27,2.55,1.15,3,Ranged,"['Support', 'Disabler', 'Nuker', 'Durable']",4
Batrider,Universal,2,28,2.2,91.8,15,1.4,55.6,22,2,80,65,5.6,227.4,330,4.5,41,45,400,100,1.7,0.3,0.54,1600,800,0.9,27,4.55,1.1,65,Ranged,"['Initiator', 'Disabler', 'Escape']",2
Beastmaster,Universal,2,25,2.9,109.1,18,1.4,58.6,16,1.2,50.8,59,5.5,218.5,305,2,44,46,150,100,1.7,0.3,0.7,1800,800,0.6,27,2.75,0.8,38,Melee,"['Initiator', 'Disabler', 'Durable', 'Nuker']",2
Bloodseeker,Agility,1,24,2.7,102.3,22,3.1,111.9,17,2,75,63,7.8,289.2,300,5.67,57,63,150,100,1.7,0.43,0.74,1800,800,0.6,27,2.65,0.85,4,Melee,"['Carry', 'Disabler', 'Nuker', 'Initiator']",2
Bounty Hunter,Agility,1,19,2.5,91.5,21,2.6,96.4,22,1.9,77.1,62,7,265,325,8.5,54,62,150,100,1.5,0.59,0.59,1800,1000,0.6,27,2.65,1.6,62,Melee,"['Escape', 'Nuker']",2
Brewmaster,Universal,3,23,3.7,130.3,19,2,77,15,1.6,61.4,57,7.3,268.7,310,3.17,48,54,150,100,1.7,0.35,0.65,1800,800,0.6,27,2.8,0.75,78,Melee,"['Carry', 'Initiator', 'Durable', 'Disabler', 'Nuker']",2
Bristleback,Strength,1,22,2.7,100.3,17,1.8,69.2,14,2.8,95.2,53,7.3,264.7,295,3.83,55,61,150,100,1.8,0.3,0.3,1800,800,0.9,27,3.2,1.1,99,Melee,"['Carry', 'Durable', 'Initiator', 'Nuker']",2
Broodmother,Universal,2,19,2.3,85.7,18,2.6,93.4,18,1.4,58.6,55,6.3,237.7,285,2,46,52,175,125,1.7,0.4,0.5,1800,800,0.6,27,2.15,0.9,61,Melee,"['Carry', 'Pusher', 'Escape', 'Nuker']",8
Centaur Warrunner,Strength,1,27,4,143,15,1,44,15,1.6,61.4,57,6.6,248.4,310,0.5,63,65,150,90,1.7,0.3,0.3,1800,800,0.6,27,7.7,0.75,96,Melee,"['Durable', 'Initiator', 'Disabler', 'Nuker', 'Escape']",4
Chaos Knight,Strength,1,24,3.2,116.8,18,1.4,58.6,18,1.2,52.8,60,5.8,228.2,325,5,53,83,150,100,1.7,0.5,0.5,1800,800,0.6,27,2.65,0.9,81,Melee,"['Carry', 'Disabler', 'Durable', 'Pusher', 'Initiator']",2
Chen,Universal,3,23,2,81,15,2.1,75.9,19,3.2,111.8,57,7.3,268.7,305,1.5,48,55,650,100,1.7,0.5,0.5,1800,800,0.6,27,2.55,1.45,66,Ranged,"['Support', 'Pusher']",2
Clinkz,Agility,2,17,2,75,25,2.5,97.5,21,2.2,84.8,63,6.7,257.3,290,4.17,44,50,600,100,1.7,0.4,0.3,1800,800,0.6,27,1.95,1.05,56,Ranged,"['Carry', 'Escape', 'Pusher']",2
Clockwerk,Universal,2,27,2.8,108.2,13,2.1,73.9,18,1.7,67.3,58,6.6,249.4,310,3.17,48,50,150,100,1.7,0.33,0.64,1800,800,0.6,27,3.2,0.9,51,Melee,"['Initiator', 'Disabler', 'Durable', 'Nuker']",2
Crystal Maiden,Intelligence,1,17,2.2,80.8,16,1.6,62.4,18,3.3,113.7,51,7.1,256.9,280,2.67,48,54,600,100,1.7,0.45,0,1800,800,0.6,27,1.95,1.4,5,Ranged,"['Support', 'Disabler', 'Nuker']",2
Dark Seer,Universal,1,22,2.6,97.4,19,1.8,71.2,21,2.7,99.3,62,7.1,267.9,295,5.17,50,56,150,100,1.7,0.59,0.58,1800,800,0.6,27,3.2,1.05,55,Melee,"['Initiator', 'Escape', 'Disabler']",2
Dark Willow,Universal,2,20,2,78,18,1.3,55.7,21,2.6,96.4,59,5.9,230.1,290,2,46,54,475,115,1.5,0.3,1,1800,800,0.7,27,2.75,1.05,119,Ranged,"['Support', 'Nuker', 'Disabler', 'Escape']",2
Dawnbreaker,Strength,1,25,3.4,123.6,14,1.7,63.3,20,2,78,59,7.1,264.9,300,4.33,54,58,150,100,1.7,0.46,1.02,1800,800,0.6,27,2.75,1,135,Melee,"['Carry', 'Durable']",2
Dazzle,Universal,1,18,2,76,20,1.4,60.6,25,2.8,106.2,63,6.2,242.8,305,3.33,47,53,575,100,1.7,0.3,0.3,1800,800,0.7,27,2.05,1.55,50,Ranged,"['Support', 'Nuker', 'Disabler']",2
Death Prophet,Intelligence,1,21,2.9,105.1,16,2,74,24,3,111,61,7.9,290.1,290,3.67,47,57,600,100,1.7,0.5,0.51,1800,800,0.8,27,2.35,1.7,43,Ranged,"['Carry', 'Pusher', 'Nuker', 'Disabler']",2
Disruptor,Intelligence,2,21,2.4,90.6,15,1.4,55.6,20,2.9,104.1,56,6.7,250.3,295,2.5,47,51,625,100,1.7,0.4,0.5,1800,800,0.6,27,2.35,1,87,Ranged,"['Support', 'Disabler', 'Nuker', 'Initiator']",2
Doom,Strength,2,24,3.7,131.3,15,1.5,58.5,15,1.7,64.3,54,6.9,254.1,285,4.5,58,68,200,100,1.9,0.5,0.7,1800,800,0.6,27,2.65,0.75,69,Melee,"['Carry', 'Disabler', 'Initiator', 'Durable', 'Nuker']",2
Dragon Knight,Strength,1,21,3.6,125.4,16,2,74,18,1.7,67.3,55,7.3,266.7,315,2.67,55,61,150,100,1.6,0.5,0.5,1800,800,0.6,27,2.35,0.9,49,Melee,"['Carry', 'Pusher', 'Durable', 'Disabler', 'Initiator', 'Nuker']",2
Drow Ranger,Agility,1,16,1.9,71.1,20,2.9,104.1,15,1.4,55.6,51,6.2,230.8,300,3.33,49,56,625,100,1.7,0.5,0.3,1800,800,0.7,27,1.85,0.75,6,Ranged,"['Carry', 'Disabler', 'Pusher']",2
Earth Spirit,Strength,3,22,3.8,132.2,17,2.4,86.6,18,2.1,78.9,57,8.3,297.7,290,2.83,47,57,150,100,1.7,0.35,0.65,1800,800,0.6,27,3.2,0.9,107,Melee,"['Nuker', 'Escape', 'Disabler', 'Initiator', 'Durable']",2
Earthshaker,Strength,2,22,3.7,129.3,12,1.4,52.6,18,2.1,78.9,52,7.2,260.8,315,4,49,59,150,100,1.7,0.467,0.863,1800,800,0.9,27,3.2,0.9,7,Melee,"['Support', 'Initiator', 'Disabler', 'Nuker']",2
Elder Titan,Strength,2,26,3,113,16,1.8,68.2,23,1.6,69.4,65,6.4,250.6,310,2.67,49,59,150,100,1.7,0.35,0.97,1800,800,0.6,27,3.35,1.4,103,Melee,"['Initiator', 'Disabler', 'Nuker', 'Durable']",2
Ember Spirit,Agility,2,22,2.6,97.4,22,3.2,114.8,20,2.2,83.8,64,8,296,300,3.67,55,59,150,100,1.7,0.4,0.3,1800,800,0.8,27,2.7,1,106,Melee,"['Carry', 'Escape', 'Nuker', 'Disabler', 'Initiator']",2
Enchantress,Intelligence,2,17,2,75,19,2.1,79.9,22,3.8,132.2,58,7.9,287.1,320,4.17,43,53,575,100,1.7,0.3,0.7,1800,800,0.6,27,1.95,1.1,58,Ranged,"['Support', 'Pusher', 'Durable', 'Disabler']",4
Enigma,Universal,2,21,2.5,93.5,14,1,43,19,3.6,123.4,54,7.1,259.9,290,3.33,44,50,500,100,1.7,0.4,0.77,1800,800,0.6,27,2.35,1.45,33,Ranged,"['Disabler', 'Initiator', 'Pusher']",0
Faceless Void,Agility,2,20,2.4,89.6,19,3,106,15,1.5,58.5,54,6.9,254.1,300,4.17,56,62,150,100,1.7,0.5,0.56,1800,800,0.9,27,3,0.75,41,Melee,"['Carry', 'Initiator', 'Disabler', 'Escape', 'Durable']",2
Grimstroke,Intelligence,2,21,2.4,90.6,18,1.9,73.1,25,3.8,135.2,64,8.1,298.9,290,3,46,50,600,100,1.7,0.35,0.85,1800,800,0.6,27,2.35,1.25,121,Ranged,"['Support', 'Nuker', 'Disabler', 'Escape']",0
Gyrocopter,Agility,1,22,2.5,94.5,26,3.1,115.9,21,2.4,90.6,69,8,301,320,6.33,42,48,365,125,1.7,0.2,0.1,1800,800,0.6,27,2.45,1.05,72,Ranged,"['Carry', 'Nuker', 'Disabler']",2
Hoodwink,Agility,2,17,2,75,24,3.6,128.4,21,2.9,105.1,62,8.5,308.5,310,4,46,53,575,100,2,0.4,1.5,1800,800,0.9,18,1.95,1.05,123,Ranged,"['Support', 'Nuker', 'Escape', 'Disabler']",4
Huskar,Strength,1,23,3.3,118.7,10,1.5,53.5,18,1.5,61.5,51,6.3,233.7,295,0.67,44,49,400,100,1.6,0.3,0.5,1800,800,0.6,27,2.55,0.9,59,Ranged,"['Carry', 'Durable', 'Initiator']",2
Invoker,Universal,3,19,2.4,88.6,14,1.8,66.2,19,4,135,52,8.2,289.8,285,1.33,38,46,600,100,1.7,0.4,0.7,1800,800,0.6,27,2.4,0.95,74,Ranged,"['Carry', 'Nuker', 'Disabler', 'Escape', 'Pusher']",2
Io,Universal,3,17,2.7,95.3,14,1.6,60.4,23,1.7,72.3,54,6,228,320,3.33,41,47,500,100,1.7,0.3,0.4,1800,800,0.7,27,1.95,1.15,91,Ranged,"['Support', 'Escape', 'Nuker']",0
Jakiro,Intelligence,1,25,2.5,97.5,15,1.2,49.8,26,3,113,66,6.7,260.3,290,3.5,53,61,400,100,1.7,0.4,0.3,1800,800,0.6,27,2.75,1.3,64,Ranged,"['Support', 'Nuker', 'Pusher', 'Disabler']",2
Juggernaut,Agility,1,20,2.2,83.8,34,2.8,115.2,14,1.4,54.6,68,6.4,253.6,300,5.67,54,56,150,110,1.4,0.33,0.84,1800,800,0.6,27,2.5,0.7,8,Melee,"['Carry', 'Pusher', 'Escape']",2
Keeper of the Light,Intelligence,2,18,2.3,84.7,15,1.6,61.4,23,3.2,115.8,56,7.1,261.9,320,2.5,43,50,600,100,1.7,0.3,0.85,1800,800,0.7,27,2.05,1.15,90,Ranged,"['Support', 'Nuker', 'Disabler']",2
Kunkka,Strength,2,24,3.8,134.2,14,1.6,60.4,18,1.8,70.2,56,7.2,264.8,315,4.33,50,60,150,100,1.7,0.4,0.3,1800,800,0.6,27,3.15,0.9,23,Melee,"['Carry', 'Support', 'Disabler', 'Initiator', 'Durable', 'Nuker']",2
Legion Commander,Strength,1,23,3.1,112.9,18,1.7,67.3,20,2.2,83.8,61,7,264,325,3,56,60,150,100,1.7,0.46,0.64,1800,800,0.6,27,2.55,1,104,Melee,"['Carry', 'Disabler', 'Initiator', 'Durable', 'Nuker']",2
Leshrac,Intelligence,1,20,2.8,101.2,23,2.8,104.2,22,3.5,123.5,65,9.1,328.9,325,3.83,49,53,575,100,1.7,0.4,0.6,1800,800,0.6,27,2.25,1.1,52,Ranged,"['Carry', 'Support', 'Nuker', 'Pusher', 'Disabler']",4
Lich,Intelligence,1,20,2.1,80.9,17,2,75,26,3.8,136.2,63,7.9,292.1,290,1.83,50,59,550,100,1.7,0.46,0.54,1800,800,0.7,27,2.5,2.05,31,Ranged,"['Support', 'Nuker']",2
Lifestealer,Strength,2,25,2.4,94.6,19,2.6,94.4,15,1.8,67.2,59,6.8,256.2,320,4.17,47,53,150,120,1.7,0.39,0.44,1800,800,0.9,27,2.75,0.75,54,Melee,"['Carry', 'Durable', 'Escape', 'Disabler']",2
Lina,Intelligence,1,20,2.4,89.6,23,2.4,92.6,30,3.8,140.2,73,8.6,322.4,290,3.83,51,59,670,100,1.6,0.65,0.6,1800,800,0.6,27,2.25,1.5,25,Ranged,"['Support', 'Carry', 'Nuker', 'Disabler']",2
Lion,Intelligence,1,18,2.2,81.8,15,1.5,58.5,20,3.5,121.5,53,7.2,261.8,290,2.5,49,55,600,115,1.7,0.43,0.74,1800,800,0.8,27,2.05,1,26,Ranged,"['Support', 'Disabler', 'Nuker', 'Initiator']",2
Lone Druid,Universal,3,20,2,78,20,2,78,13,2,71,53,6,227,325,3.33,38,42,550,100,1.6,0.33,0.53,1800,800,0.6,27,2.25,0.65,80,Ranged,"['Carry', 'Pusher', 'Durable']",2
Luna,Agility,1,21,2.2,84.8,24,3.4,122.6,23,1.9,78.1,68,7.5,285.5,325,6,50,56,330,100,1.7,0.35,0.54,1800,800,0.6,27,2.6,1.15,48,Ranged,"['Carry', 'Nuker', 'Pusher']",2
Lycan,Universal,2,26,3,113,16,1.4,56.6,23,1.2,57.8,65,5.6,227.4,305,2.67,49,54,150,110,1.7,0.55,0.25,1800,800,0.6,18,2.85,1.15,77,Melee,"['Carry', 'Pusher', 'Durable', 'Escape']",2
Magnus,Universal,2,25,3.1,114.9,9,2,67,19,1.6,65.4,53,6.7,247.3,305,2.5,46,54,200,100,1.8,0.5,0.84,1800,800,0.8,27,3,1.45,97,Melee,"['Initiator', 'Disabler', 'Nuker', 'Escape']",4
Marci,Universal,2,23,3,110,20,1.8,72.2,19,1.5,62.5,62,6.3,244.7,315,3.33,50,56,150,100,1.7,0.3,0.5,1800,800,0.9,27,2.55,0.95,136,Melee,"['Support', 'Carry', 'Initiator', 'Disabler', 'Escape']",2
Mars,Strength,1,23,3.7,130.3,20,1.7,69.3,21,2.2,84.8,64,7.6,284.4,310,2.33,49,57,250,100,1.8,0.4,1.38,1800,800,0.8,27,2.55,1.55,129,Melee,"['Carry', 'Initiator', 'Disabler', 'Durable']",2
Medusa,Agility,1,0,0,0,22,3.4,120.6,25,3.4,123.6,47,6.8,244.2,275,2.67,48,54,600,100,1.7,0.5,0.6,1800,800,0.6,27,0.25,1.25,94,Ranged,"['Carry', 'Disabler', 'Durable']",0
Meepo,Agility,3,24,2.2,87.8,17,2.1,77.9,18,1.9,73.1,59,6.2,238.8,330,6.83,46,52,150,100,1.7,0.38,0.6,1800,800,0.9,18,2.65,1.15,82,Melee,"['Carry', 'Escape', 'Nuker', 'Disabler', 'Initiator', 'Pusher']",2
Mirana,Universal,2,20,1.7,69.3,24,2.5,96.5,22,1.2,56.8,66,5.4,222.6,290,2,41,45,630,100,1.7,0.35,0.7,1800,800,0.6,27,2.25,1.5,9,Ranged,"['Carry', 'Support', 'Escape', 'Nuker', 'Disabler']",2
Monkey King,Agility,2,18,2.8,99.2,23,3.7,130.3,20,1.8,72.2,61,8.3,301.7,300,5.83,52,56,300,100,1.7,0.45,0.2,1800,800,0.6,18,2.8,1,114,Melee,"['Carry', 'Escape', 'Disabler', 'Initiator']",2
Morphling,Agility,3,23,3.2,115.8,24,3.9,137.1,19,1.8,71.2,66,8.9,324.1,285,2,33,42,350,100,1.5,0.5,0.5,1800,800,0.7,27,2.8,1.45,10,Ranged,"['Carry', 'Escape', 'Durable', 'Nuker', 'Disabler']",0
Muerta,Intelligence,1,19,2,77,20,2.7,98.3,24,3.3,119.7,63,8,295,295,2.33,48,56,575,100,1.6,0.35,1.1,1800,800,0.7,27,2.15,1.2,138,Ranged,"['Carry', 'Nuker', 'Disabler']",2
Naga Siren,Agility,2,21,2.6,96.4,21,3.3,116.7,21,2,79,63,7.9,292.1,330,4.5,44,46,150,110,1.7,0.5,0.5,1800,800,0.6,18,3.1,1.05,89,Melee,"['Carry', 'Support', 'Pusher', 'Disabler', 'Initiator', 'Escape']",0
Nature's Prophet,Intelligence,2,19,2.6,94.4,14,3.4,112.6,23,3.5,124.5,56,9.5,331.5,295,2.33,50,60,620,100,1.5,0.4,0.6,1800,800,0.9,27,2.15,1.9,53,Ranged,"['Carry', 'Pusher', 'Escape', 'Nuker']",2
Necrophos,Intelligence,1,18,2.3,84.7,12,1.3,49.7,21,2.7,99.3,51,6.3,233.7,280,4,47,51,500,100,1.7,0.3,0.47,1800,800,0.6,27,2.05,1.05,36,Ranged,"['Carry', 'Nuker', 'Durable', 'Disabler']",2
Night Stalker,Strength,1,23,3,110,18,2.2,81.8,15,1.6,61.4,56,6.8,253.2,295,5,63,67,150,100,1.7,0.55,0.55,800,1800,0.6,27,4.3,0.75,60,Melee,"['Carry', 'Initiator', 'Durable', 'Disabler', 'Nuker']",2
Nyx Assassin,Universal,2,17,2.1,77.9,18,2.5,90.5,21,2.5,93.5,56,7.1,261.9,310,4,48,52,150,100,1.7,0.46,0.54,1800,800,0.6,27,3.7,1.05,88,Melee,"['Disabler', 'Nuker', 'Initiator', 'Escape']",6
Ogre Magi,Strength,1,23,4.2,144.8,14,1.5,57.5,0,0,0,37,5.7,202.3,290,6.33,67,73,150,100,1.7,0.3,0.3,1800,800,0.6,27,3.8,0,84,Melee,"['Support', 'Nuker', 'Disabler', 'Durable', 'Initiator']",2
Omniknight,Strength,1,23,3.1,112.9,15,2,73,16,2.1,76.9,54,7.2,262.8,315,4.5,54,64,150,100,1.7,0.433,0.567,1800,800,0.6,27,2.55,0.8,57,Melee,"['Support', 'Durable', 'Nuker']",2
Oracle,Intelligence,3,20,2.4,89.6,15,1.7,64.3,26,3.8,136.2,61,7.9,290.1,295,3.5,39,45,620,100,1.7,0.3,0.7,1800,800,0.7,27,2.25,1.8,111,Ranged,"['Support', 'Nuker', 'Disabler', 'Escape']",0
Outworld Destroyer,Intelligence,2,21,2.9,105.1,22,1.6,68.4,30,4.2,151.8,73,8.7,325.3,320,6.17,49,61,450,100,1.9,0.46,0.54,1800,800,0.6,27,3.1,1.5,76,Ranged,"['Carry', 'Nuker', 'Disabler']",4
Pangolier,Universal,2,19,2.7,97.3,18,2.5,90.5,16,1.9,71.1,53,7.1,258.9,295,5,45,51,150,100,1.7,0.33,0.77,1800,800,0.9,27,2.15,0.8,120,Melee,"['Carry', 'Nuker', 'Disabler', 'Durable', 'Escape', 'Initiator']",2
Phantom Assassin,Agility,1,19,2,77,21,3.2,113.8,15,1.4,55.6,55,6.6,246.4,305,4.5,52,54,150,100,1.7,0.3,0.7,1800,800,0.8,27,2.9,0.75,44,Melee,"['Carry', 'Escape']",2
Phantom Lancer,Agility,2,19,2.2,82.8,26,2.8,107.2,21,2,79,66,7,269,285,3.33,52,62,225,100,1.7,0.5,0.5,1800,800,0.6,18,3.9,1.05,12,Melee,"['Carry', 'Escape', 'Pusher', 'Nuker']",2
Phoenix,Universal,2,23,3.3,118.7,12,1.5,55.5,16,1.8,68.2,51,6.6,242.4,280,1,44,54,525,100,1.7,0.35,0.633,1800,800,0.9,27,4.3,0.8,110,Ranged,"['Support', 'Nuker', 'Initiator', 'Escape', 'Disabler']",2
Primal Beast,Strength,1,26,4.3,150.7,15,1,44,16,1.4,56.6,57,6.7,251.3,310,4.5,62,64,150,100,1.8,0.6,0.7,1800,800,0.6,27,2.85,0.8,137,Melee,"['Initiator', 'Durable', 'Disabler']",2
Puck,Intelligence,2,17,2.4,86.6,22,2.5,94.5,23,3.8,133.2,62,8.7,314.3,290,0.67,45,53,550,100,1.7,0.5,0.8,1800,800,0.9,27,2.2,1.65,13,Ranged,"['Initiator', 'Disabler', 'Escape', 'Nuker']",2
Pudge,Strength,2,25,3,112,14,1.4,54.6,16,1.8,68.2,55,6.2,234.8,280,1.33,70,76,175,100,1.7,0.5,1.17,1800,800,0.7,27,4.25,0.8,14,Melee,"['Disabler', 'Initiator', 'Durable', 'Nuker']",2
Pugna,Intelligence,2,19,2,77,24,1.3,61.7,26,5.2,176.8,69,8.5,315.5,330,4,47,54,630,100,1.7,0.5,0.5,1800,800,0.6,27,2.15,1.8,45,Ranged,"['Nuker', 'Pusher']",2
Queen of Pain,Intelligence,2,18,2.4,87.6,22,2.5,94.5,25,3.4,123.6,65,8.3,305.7,290,3.67,51,57,550,100,1.5,0.56,0.41,1800,800,0.6,27,2.05,1.25,39,Ranged,"['Carry', 'Nuker', 'Escape']",2
Razor,Agility,1,22,2.8,103.2,24,2.8,105.2,21,2.2,84.8,67,7.8,293.2,280,4,47,49,475,100,1.7,0.3,0.4,1800,800,0.6,27,3.2,1.05,15,Ranged,"['Carry', 'Durable', 'Nuker', 'Pusher']",0
Riki,Agility,1,18,2,76,30,2.4,99.6,14,1.3,51.7,62,5.7,227.3,315,5,57,61,150,90,1.7,0.3,0.3,1800,800,0.6,27,4.3,0.7,32,Melee,"['Carry', 'Escape', 'Disabler']",2
Rubick,Intelligence,3,21,2,79,23,2.5,95.5,25,3.1,114.9,69,7.6,289.4,290,4.83,52,58,550,100,1.7,0.4,0.77,1800,800,0.7,27,2.35,1.75,86,Ranged,"['Support', 'Disabler', 'Nuker']",2
Sand King,Universal,2,22,2.7,100.3,19,1.8,71.2,19,1.8,71.2,60,6.3,242.7,290,4.17,43,51,150,110,1.7,0.53,0.47,1800,800,0.6,27,2.45,0.95,16,Melee,"['Initiator', 'Disabler', 'Support', 'Nuker', 'Escape']",6
Shadow Demon,Intelligence,2,23,2.6,98.4,18,2.2,81.8,22,3.6,126.4,63,8.4,306.6,290,3,51,55,500,100,1.7,0.35,0.5,1800,800,0.6,27,2.55,1.1,79,Ranged,"['Support', 'Disabler', 'Initiator', 'Nuker']",2
Shadow Fiend,Agility,2,19,2.7,97.3,20,3.5,121.5,18,2.2,81.8,57,8.4,300.6,305,4.33,41,47,525,100,1.6,0.5,0.54,1800,800,0.9,27,2.15,1.2,11,Ranged,"['Carry', 'Nuker']",0
Shadow Shaman,Intelligence,1,23,2.3,89.7,16,1.6,62.4,25,3.5,126.5,64,7.4,278.6,285,4.67,65,72,400,90,1.7,0.3,0.5,1800,800,0.6,27,3.3,1.25,27,Ranged,"['Support', 'Pusher', 'Disabler', 'Nuker', 'Initiator']",2
Silencer,Intelligence,2,19,2.2,82.8,22,2.4,91.6,25,2.9,109.1,66,7.5,283.5,290,3.67,43,57,600,100,1.6,0.5,0.5,1800,800,0.6,27,2.15,1.25,75,Ranged,"['Carry', 'Support', 'Disabler', 'Initiator', 'Nuker']",2
Skywrath Mage,Intelligence,1,21,2,79,13,0.8,36.2,23,4.1,141.9,57,6.9,257.1,325,0.17,39,49,625,90,1.7,0.4,0.78,1800,800,0.6,27,2.35,1.15,101,Ranged,"['Support', 'Nuker', 'Disabler']",2
Slardar,Strength,2,21,3.6,125.4,17,2.4,86.6,15,1.5,58.5,53,7.5,270.5,300,5.83,51,59,150,100,1.7,0.36,0.64,1800,800,0.6,27,2.6,0.75,28,Melee,"['Carry', 'Durable', 'Initiator', 'Disabler', 'Escape']",0
Slark,Agility,1,20,1.9,75.1,21,1.5,64.5,16,1.7,65.3,57,5.1,204.9,300,3.5,55,61,150,120,1.7,0.5,0.3,1800,1800,0.7,27,3.75,0.8,93,Melee,"['Carry', 'Escape', 'Disabler', 'Nuker']",2
Snapfire,Universal,1,21,3.2,113.8,16,1.2,50.8,21,2.1,81.9,58,6.5,246.5,300,3.67,44,50,500,100,1.6,0.35,1.23,1800,800,0.6,27,2.85,1.05,128,Ranged,"['Support', 'Nuker', 'Disabler', 'Escape']",2
Sniper,Agility,1,19,2,77,27,3.2,119.8,15,2.6,90.4,61,7.8,287.2,285,3.5,40,46,550,100,1.7,0.17,0.7,1800,1400,0.7,27,2.15,0.75,35,Ranged,"['Carry', 'Nuker']",2
Spectre,Agility,2,21,2.5,93.5,25,2.1,85.9,16,1.7,65.3,62,6.3,244.7,290,5.17,48,52,150,90,1.7,0.3,0.7,1800,800,0.6,27,4.1,0.8,67,Melee,"['Carry', 'Durable', 'Escape']",0
Spirit Breaker,Strength,1,28,3.3,123.7,17,1.7,66.3,14,1.8,66.2,59,6.8,256.2,295,3.83,59,69,150,100,1.9,0.6,0.3,1800,800,0.6,27,4.05,1.2,71,Melee,"['Carry', 'Initiator', 'Disabler', 'Durable', 'Escape']",2
Storm Spirit,Intelligence,2,21,2,79,22,2.6,97.4,23,3.9,136.1,66,8.5,312.5,285,4.67,47,57,480,115,1.6,0.5,0.3,1800,800,0.8,27,2.6,1.75,17,Ranged,"['Carry', 'Escape', 'Nuker', 'Initiator', 'Disabler']",2
Sven,Strength,1,22,3.2,114.8,21,2.2,84.8,16,1.3,53.7,59,6.7,253.3,325,3.5,59,61,150,110,1.9,0.4,0.3,1800,800,0.6,27,2.95,0.8,18,Melee,"['Carry', 'Disabler', 'Initiator', 'Durable', 'Nuker']",2
Techies,Universal,2,19,2.5,91.5,14,1.3,51.7,25,3,112,58,6.8,255.2,300,4.33,45,47,700,90,1.7,0.5,0.5,1800,800,0.6,27,2.15,2.25,105,Ranged,"['Nuker', 'Disabler']",6
Templar Assassin,Agility,2,23,2.4,92.6,23,3.2,115.8,20,2,78,66,7.6,286.4,310,4.83,53,59,200,100,1.7,0.3,0.5,1800,800,0.7,27,2.55,1,46,Ranged,"['Carry', 'Escape']",2
Terrorblade,Agility,2,16,2,74,22,4,138,19,1.6,65.4,57,7.6,277.4,315,8.67,50,56,150,110,1.5,0.3,0.8,1800,800,0.8,27,3.1,0.95,109,Melee,"['Carry', 'Pusher', 'Nuker']",2
Tidehunter,Strength,1,27,3.5,128.5,15,1.5,58.5,18,1.7,67.3,60,6.7,254.3,300,2.5,52,58,150,100,1.7,0.6,0.56,1800,800,0.6,27,2.95,1.4,29,Melee,"['Initiator', 'Durable', 'Disabler', 'Nuker', 'Carry']",2
Timbersaw,Universal,2,25,3.2,117.8,16,1.3,53.7,23,2.7,101.3,64,7.2,272.8,285,2.67,51,55,150,100,1.7,0.36,0.64,1800,800,0.6,27,2.75,1.65,98,Melee,"['Nuker', 'Durable', 'Escape']",2
Tinker,Intelligence,2,19,2.3,85.7,17,1.4,57.6,30,3.3,125.7,66,7,269,290,4.83,52,58,500,100,1.7,0.35,0.65,1800,800,0.6,27,2.15,2.25,34,Ranged,"['Carry', 'Nuker', 'Pusher']",2
Tiny,Strength,2,30,4,146,0,0,0,17,2.2,80.8,47,6.2,226.8,285,0,61,67,150,90,1.7,0.4,0.7,1800,800,0.6,27,4.5,0.85,19,Melee,"['Carry', 'Nuker', 'Pusher', 'Initiator', 'Durable', 'Disabler']",2
Treant Protector,Strength,2,25,3.4,123.6,15,1.8,67.2,20,1.8,72.2,60,7,263,285,1.5,85,93,150,100,1.9,0.6,0.4,1800,800,0.6,27,2.75,1.25,83,Melee,"['Support', 'Initiator', 'Durable', 'Disabler', 'Escape']",2
Troll Warlord,Agility,2,21,2.5,93.5,23,3.3,118.7,13,1,42,57,6.8,254.2,290,2.83,50,58,500,100,1.7,0.3,0.3,1800,800,0.6,27,2.35,0.65,95,Ranged,"['Carry', 'Pusher', 'Disabler', 'Durable']",2
Tusk,Strength,1,23,3.9,136.1,23,2.1,83.9,18,1.7,67.3,64,7.7,287.3,310,4.83,50,54,150,100,1.7,0.36,0.64,1800,800,0.7,27,3.3,1.4,100,Melee,"['Initiator', 'Disabler', 'Nuker']",2
Underlord,Strength,2,25,3,112,12,1.6,58.4,17,2.3,83.7,54,6.9,254.1,290,5,62,68,200,100,1.7,0.45,0.7,1800,800,0.6,27,2.75,0.85,108,Melee,"['Support', 'Nuker', 'Disabler', 'Durable', 'Escape']",2
Undying,Strength,1,22,2.4,91.6,10,1.2,44.8,27,2.8,108.2,59,6.4,244.6,300,2.67,53,61,150,100,1.7,0.3,0.3,1800,800,0.6,27,1.95,1.6,85,Melee,"['Support', 'Durable', 'Disabler', 'Nuker']",2
Ursa,Agility,1,25,2.6,100.4,18,2.8,99.2,16,1.5,59.5,59,6.9,259.1,310,4,42,46,150,100,1.7,0.3,0.3,1800,800,0.6,27,3,0.8,70,Melee,"['Carry', 'Durable', 'Disabler']",2
Vengeful Spirit,Universal,1,20,2.1,80.9,21,2.1,81.9,19,1.2,53.8,60,5.4,216.6,295,3.5,51,57,400,110,1.7,0.33,0.64,1800,800,0.6,27,2.25,0.95,20,Ranged,"['Support', 'Initiator', 'Disabler', 'Nuker', 'Escape']",2
Venomancer,Universal,1,19,2,77,24,2,82,19,1.4,59.6,62,5.4,218.6,280,4,42,45,450,115,1.7,0.3,0.7,1800,800,0.6,27,2.15,0.95,40,Ranged,"['Support', 'Nuker', 'Initiator', 'Pusher', 'Disabler']",0
Viper,Agility,1,21,2.4,90.6,21,2.7,99.3,17,2,75,59,7.1,264.9,275,1.5,48,50,575,120,1.7,0.33,1,1800,800,0.6,27,2.35,0.85,47,Ranged,"['Carry', 'Durable', 'Initiator', 'Disabler']",0
Visage,Universal,3,22,2.4,91.6,11,1,40,22,2.4,91.6,55,5.8,223.2,285,0.83,42,52,600,110,1.7,0.4,0.54,1800,800,0.6,27,2.45,1.1,92,Ranged,"['Support', 'Nuker', 'Durable', 'Disabler', 'Pusher']",2
Void Spirit,Universal,2,21,2.3,87.7,19,2.2,82.8,24,2.3,90.7,64,6.8,261.2,290,2.17,48,52,200,100,1.7,0.35,0.78,1800,800,0.7,27,2.35,1.8,126,Melee,"['Carry', 'Escape', 'Nuker', 'Disabler']",2
Warlock,Intelligence,1,24,2.8,105.2,10,1,39,25,3.1,114.9,59,6.9,259.1,300,2.67,49,59,600,90,1.7,0.3,0.3,1800,800,0.6,27,2.65,1.25,37,Ranged,"['Support', 'Initiator', 'Disabler']",2
Weaver,Agility,2,16,2,74,17,3.1,106.9,20,2,78,53,7.1,258.9,275,3.83,54,60,425,120,1.8,0.55,0.36,1800,800,0.6,27,2.85,1.5,63,Ranged,"['Carry', 'Escape']",4
Windranger,Universal,2,18,2,76,19,1.4,59.6,21,2.4,90.6,58,5.8,226.2,290,3.17,45,51,600,90,1.5,0.4,0.3,1800,800,0.8,27,2.05,1.3,21,Ranged,"['Carry', 'Support', 'Disabler', 'Escape', 'Nuker']",2
Winter Wyvern,Universal,2,20,2.2,83.8,16,1.5,59.5,26,2.8,107.2,62,6.5,250.5,285,3.67,40,45,425,90,1.7,0.25,0.8,1800,800,0.6,27,2.25,1.55,112,Ranged,"['Support', 'Disabler', 'Nuker']",2
Witch Doctor,Intelligence,1,20,2.1,80.9,13,1.4,53.6,22,3.1,111.9,55,6.6,246.4,300,2.17,48,58,550,100,1.7,0.4,0.5,1800,800,0.6,27,2.25,1.1,30,Ranged,"['Support', 'Nuker', 'Disabler']",2
Wraith King,Strength,1,22,2.8,103.2,16,1.7,65.3,18,1.6,64.4,56,6.1,232.9,315,1.67,60,62,150,100,1.7,0.56,0.44,1800,800,0.6,27,2.7,0.9,42,Melee,"['Carry', 'Support', 'Durable', 'Disabler', 'Initiator']",2
Zeus,Intelligence,1,19,2.1,79.9,11,1.2,45.8,22,3.3,117.7,52,6.6,243.4,315,3.83,55,63,380,100,1.7,0.35,0.55,1800,800,0.6,27,2.15,1.1,22,Ranged,"['Nuker', 'Carry']",2
